<application>
  <component name="FileTypeManager" version="17">
    <ignoreFiles list="*$py.class;*.hprof;*.pyc;*.pyo;*.rbc;*~;.DS_Store;.git;.hg;.svn;CVS;RCS;SCCS;__pycache__;_svn;rcs;" />
    <extensionMap>
      <mapping ext="klib" type="ARCHIVE" />
      <mapping pattern="TestProto" type="PLAIN_TEXT" />
      <mapping pattern="DataManager" type="PLAIN_TEXT" />
      <mapping ext="mmdb" type="PLAIN_TEXT" />
      <mapping ext="keystore" type="PLAIN_TEXT" />
      <mapping ext="js___jb_bak___" type="PLAIN_TEXT" />
      <mapping ext="fnc" type="DBN-PSQL" />
      <mapping ext="pkb" type="DBN-PSQL" />
      <mapping ext="pkg" type="DBN-PSQL" />
      <mapping ext="pks" type="DBN-PSQL" />
      <mapping ext="prc" type="DBN-PSQL" />
      <mapping ext="tpb" type="DBN-PSQL" />
      <mapping ext="tpe" type="DBN-PSQL" />
      <mapping ext="tps" type="DBN-PSQL" />
      <mapping ext="trg" type="DBN-PSQL" />
      <mapping ext="vw" type="DBN-SQL" />
    </extensionMap>
  </component>
</application>