<profile version="1.0">
  <option name="myName" value="Default" />
  <inspection_tool class="PyPackageRequirementsInspection" enabled="true" level="WARNING" enabled_by_default="true">
    <option name="ignoredPackages">
      <value>
        <list size="56">
          <item index="0" class="java.lang.String" itemvalue="Automat" />
          <item index="1" class="java.lang.String" itemvalue="html5lib" />
          <item index="2" class="java.lang.String" itemvalue="typed-ast" />
          <item index="3" class="java.lang.String" itemvalue="Babel" />
          <item index="4" class="java.lang.String" itemvalue="PyYAML" />
          <item index="5" class="java.lang.String" itemvalue="atomicwrites" />
          <item index="6" class="java.lang.String" itemvalue="py" />
          <item index="7" class="java.lang.String" itemvalue="astroid" />
          <item index="8" class="java.lang.String" itemvalue="pycparser" />
          <item index="9" class="java.lang.String" itemvalue="python-slugify" />
          <item index="10" class="java.lang.String" itemvalue="constantly" />
          <item index="11" class="java.lang.String" itemvalue="webassets" />
          <item index="12" class="java.lang.String" itemvalue="Flask-Cache" />
          <item index="13" class="java.lang.String" itemvalue="cssmin" />
          <item index="14" class="java.lang.String" itemvalue="mccabe" />
          <item index="15" class="java.lang.String" itemvalue="certifi" />
          <item index="16" class="java.lang.String" itemvalue="docutils" />
          <item index="17" class="java.lang.String" itemvalue="soupsieve" />
          <item index="18" class="java.lang.String" itemvalue="uwsgi" />
          <item index="19" class="java.lang.String" itemvalue="beautifulsoup4" />
          <item index="20" class="java.lang.String" itemvalue="Flask-Caching" />
          <item index="21" class="java.lang.String" itemvalue="hyperlink" />
          <item index="22" class="java.lang.String" itemvalue="Werkzeug" />
          <item index="23" class="java.lang.String" itemvalue="django-htmlmin" />
          <item index="24" class="java.lang.String" itemvalue="Flask-WTF" />
          <item index="25" class="java.lang.String" itemvalue="zope.interface" />
          <item index="26" class="java.lang.String" itemvalue="gunicorn" />
          <item index="27" class="java.lang.String" itemvalue="attrs" />
          <item index="28" class="java.lang.String" itemvalue="boto3" />
          <item index="29" class="java.lang.String" itemvalue="ua-parser" />
          <item index="30" class="java.lang.String" itemvalue="Flask-Babel" />
          <item index="31" class="java.lang.String" itemvalue="idna" />
          <item index="32" class="java.lang.String" itemvalue="yapf" />
          <item index="33" class="java.lang.String" itemvalue="more-itertools" />
          <item index="34" class="java.lang.String" itemvalue="pluggy" />
          <item index="35" class="java.lang.String" itemvalue="cffi" />
          <item index="36" class="java.lang.String" itemvalue="wcwidth" />
          <item index="37" class="java.lang.String" itemvalue="requests" />
          <item index="38" class="java.lang.String" itemvalue="Jinja2" />
          <item index="39" class="java.lang.String" itemvalue="urllib3" />
          <item index="40" class="java.lang.String" itemvalue="Flask" />
          <item index="41" class="java.lang.String" itemvalue="coverage" />
          <item index="42" class="java.lang.String" itemvalue="botocore" />
          <item index="43" class="java.lang.String" itemvalue="pytest" />
          <item index="44" class="java.lang.String" itemvalue="text-unidecode" />
          <item index="45" class="java.lang.String" itemvalue="PyHamcrest" />
          <item index="46" class="java.lang.String" itemvalue="incremental" />
          <item index="47" class="java.lang.String" itemvalue="user-agents" />
          <item index="48" class="java.lang.String" itemvalue="colorama" />
          <item index="49" class="java.lang.String" itemvalue="Flask-Assets" />
          <item index="50" class="java.lang.String" itemvalue="pylint" />
          <item index="51" class="java.lang.String" itemvalue="Flask-BasicAuth" />
          <item index="52" class="java.lang.String" itemvalue="multidict" />
          <item index="53" class="java.lang.String" itemvalue="isort" />
          <item index="54" class="java.lang.String" itemvalue="pytz" />
          <item index="55" class="java.lang.String" itemvalue="webencodings" />
        </list>
      </value>
    </option>
  </inspection_tool>
</profile>