<application>
  <component name="FindSettings">
    <option name="customScope" value="All Places" />
    <option name="defaultScopeName" value="All Places" />
    <option name="localCaseSensitive" value="true" />
    <option name="localWholeWordsOnly" value="true" />
    <option name="LOCAL_CASE_SENSITIVE_SEARCH" value="true" />
    <option name="LOCAL_WHOLE_WORDS_ONLY" value="true" />
    <option name="SEARCH_SCOPE" value="All Places" />
    <mask>*.jsp</mask>
    <mask>*.properties</mask>
    <mask>*.tf</mask>
    <mask>*.ftl</mask>
    <mask>*.xml</mask>
    <mask>pom.xml</mask>
    <mask>*.java</mask>
    <mask>*.yaml</mask>
    <mask>*.vue</mask>
    <mask>*.css</mask>
    <mask>*.html</mask>
    <mask>*.py</mask>
    <mask>*.ts</mask>
    <mask>*.json</mask>
  </component>
</application>