<application>
  <component name="GeneralSettings">
    <option name="showTipsOnStartup" value="false" />
    <option name="confirmExit" value="false" />
    <option name="confirmOpenNewProject2" value="0" />
  </component>
  <component name="Registry">
    <entry key="ide.mac.transparentTitleBarAppearance" value="true" />
    <entry key="ide.experimental.ui" value="true" />
    <entry key="eslint.additional.file.extensions" value="svelte" />
    <entry key="debugger.watches.in.variables" value="false" />
  </component>
  <component name="StatusBar">
    <option name="widgets">
      <map>
        <entry key="aws.codewhisperer" value="false" />
      </map>
    </option>
  </component>
</application>