<application>
  <component name="LafManager">
    <preferred-light-laf themeId="ExperimentalLightWithLightHeader" />
    <lafs-to-previous-schemes>
      <laf-to-scheme laf="Gradianto Dark Fuchsia" scheme="_@user_Gradianto Dark Fuchsia" />
      <laf-to-scheme laf="Gradianto Midnight Blue" scheme="_@user_Gradianto Midnight Blue" />
      <laf-to-scheme laf="Monokai Pro (Filter Spectrum)" scheme="_@user_Monokai Pro (Filter Spectrum)" />
    </lafs-to-previous-schemes>
  </component>
</application>