<application>
  <component name="SettingsSyncSettings">
    <option name="disabledSubcategories">
      <map>
        <entry key="PLUGINS">
          <value>
            <list>
              <option value="Pythonid" />
              <option value="com.dmarcotte.handlebars" />
              <option value="com.github.dinbtechit.jetbrainsnestjs" />
              <option value="com.jetbrains.plugins.ini4idea" />
              <option value="mdx.js" />
              <option value="mobi.hsz.idea.gitignore" />
              <option value="org.intellij.prisma" />
              <option value="org.jetbrains.plugins.go-template" />
              <option value="ru.adelf.idea.dotenv" />
            </list>
          </value>
        </entry>
      </map>
    </option>
    <option name="migrationFromOldStorageChecked" value="true" />
    <option name="syncEnabled" value="true" />
  </component>
</application>