<application>
  <component name="FindSettings">
    <option name="caseSensitive" value="true" />
    <option name="customScope" value="Project Files" />
    <option name="defaultScopeName" value="Project Files" />
    <option name="wholeWordsOnly" value="true" />
    <option name="CASE_SENSITIVE_SEARCH" value="true" />
    <option name="WHOLE_WORDS_ONLY" value="true" />
    <option name="SEARCH_SCOPE" value="Project Files" />
    <mask>*.jsp</mask>
    <mask>*.properties</mask>
    <mask>*.tf</mask>
    <mask>*.ftl</mask>
    <mask>*.xml</mask>
    <mask>pom.xml</mask>
    <mask>*.java</mask>
    <mask>*.yaml</mask>
    <mask>*.vue</mask>
    <mask>*.ts</mask>
    <mask>*.css</mask>
    <mask>*.html</mask>
    <mask>*.json</mask>
  </component>
</application>