<application>
  <component name="LafManager" autodetect="false">
    <laf class-name="com.intellij.ide.ui.laf.darcula.DarculaLaf" />
    <preferred-light-laf class-name="com.intellij.ide.ui.laf.IntelliJLaf" themeId="JetBrainsLightTheme" />
    <preferred-dark-laf class-name="com.intellij.ide.ui.laf.darcula.DarculaLaf" />
    <lafs-to-previous-schemes>
      <laf-to-scheme laf="Gradianto Dark Fuchsia" scheme="_@user_Gradianto Dark Fuchsia" />
      <laf-to-scheme laf="Gradianto Midnight Blue" scheme="_@user_Gradianto Midnight Blue" />
      <laf-to-scheme laf="Monokai Pro (Filter Spectrum)" scheme="_@user_Monokai Pro (Filter Spectrum)" />
    </lafs-to-previous-schemes>
  </component>
</application>