<keymap version="1" name="Default for macOS copy" parent="Mac OS X 10.5+">
  <action id="CollapseAll">
    <keyboard-shortcut first-keystroke="meta m" />
  </action>
  <action id="CollapseExpandableComponent">
    <keyboard-shortcut first-keystroke="meta subtract" />
    <keyboard-shortcut first-keystroke="meta minus" />
  </action>
  <action id="ExpandAllRegions">
    <keyboard-shortcut first-keystroke="meta o" />
  </action>
  <action id="GotoChangedFile" />
  <action id="GotoClass" />
  <action id="MinimizeCurrentWindow" />
</keymap>